{
    "name": "root",
    "gauges": {
        "MoveToTarget.Policy.Entropy.mean": {
            "value": 1.4149162769317627,
            "min": 1.4149162769317627,
            "max": 1.4149162769317627,
            "count": 1
        },
        "MoveToTarget.Policy.Entropy.sum": {
            "value": 71324.515625,
            "min": 71324.515625,
            "max": 71324.515625,
            "count": 1
        },
        "MoveToTarget.Environment.EpisodeLength.mean": {
            "value": 121.66331658291458,
            "min": 121.66331658291458,
            "max": 121.66331658291458,
            "count": 1
        },
        "MoveToTarget.Environment.EpisodeLength.sum": {
            "value": 48422.0,
            "min": 48422.0,
            "max": 48422.0,
            "count": 1
        },
        "MoveToTarget.Step.mean": {
            "value": 49991.0,
            "min": 49991.0,
            "max": 49991.0,
            "count": 1
        },
        "MoveToTarget.Step.sum": {
            "value": 49991.0,
            "min": 49991.0,
            "max": 49991.0,
            "count": 1
        },
        "MoveToTarget.Policy.ExtrinsicValueEstimate.mean": {
            "value": 0.8747491836547852,
            "min": 0.8747491836547852,
            "max": 0.8747491836547852,
            "count": 1
        },
        "MoveToTarget.Policy.ExtrinsicValueEstimate.sum": {
            "value": 844.1329345703125,
            "min": 844.1329345703125,
            "max": 844.1329345703125,
            "count": 1
        },
        "MoveToTarget.Environment.CumulativeReward.mean": {
            "value": 5.979848866498741,
            "min": 5.979848866498741,
            "max": 5.979848866498741,
            "count": 1
        },
        "MoveToTarget.Environment.CumulativeReward.sum": {
            "value": 2374.0,
            "min": 2374.0,
            "max": 2374.0,
            "count": 1
        },
        "MoveToTarget.Policy.ExtrinsicReward.mean": {
            "value": 5.979848866498741,
            "min": 5.979848866498741,
            "max": 5.979848866498741,
            "count": 1
        },
        "MoveToTarget.Policy.ExtrinsicReward.sum": {
            "value": 2374.0,
            "min": 2374.0,
            "max": 2374.0,
            "count": 1
        },
        "MoveToTarget.Losses.PolicyLoss.mean": {
            "value": 0.0227143413212616,
            "min": 0.0227143413212616,
            "max": 0.0227143413212616,
            "count": 1
        },
        "MoveToTarget.Losses.PolicyLoss.sum": {
            "value": 0.0908573652850464,
            "min": 0.0908573652850464,
            "max": 0.0908573652850464,
            "count": 1
        },
        "MoveToTarget.Losses.ValueLoss.mean": {
            "value": 1.5214125429590544,
            "min": 1.5214125429590544,
            "max": 1.5214125429590544,
            "count": 1
        },
        "MoveToTarget.Losses.ValueLoss.sum": {
            "value": 6.0856501718362175,
            "min": 6.0856501718362175,
            "max": 6.0856501718362175,
            "count": 1
        },
        "MoveToTarget.Policy.LearningRate.mean": {
            "value": 0.00028460835513055,
            "min": 0.00028460835513055,
            "max": 0.00028460835513055,
            "count": 1
        },
        "MoveToTarget.Policy.LearningRate.sum": {
            "value": 0.0011384334205222,
            "min": 0.0011384334205222,
            "max": 0.0011384334205222,
            "count": 1
        },
        "MoveToTarget.Policy.Epsilon.mean": {
            "value": 0.19486945000000003,
            "min": 0.19486945000000003,
            "max": 0.19486945000000003,
            "count": 1
        },
        "MoveToTarget.Policy.Epsilon.sum": {
            "value": 0.7794778000000001,
            "min": 0.7794778000000001,
            "max": 0.7794778000000001,
            "count": 1
        },
        "MoveToTarget.Policy.Beta.mean": {
            "value": 0.004743985555,
            "min": 0.004743985555,
            "max": 0.004743985555,
            "count": 1
        },
        "MoveToTarget.Policy.Beta.sum": {
            "value": 0.01897594222,
            "min": 0.01897594222,
            "max": 0.01897594222,
            "count": 1
        },
        "MoveToTarget.IsTraining.mean": {
            "value": 1.0,
            "min": 1.0,
            "max": 1.0,
            "count": 1
        },
        "MoveToTarget.IsTraining.sum": {
            "value": 1.0,
            "min": 1.0,
            "max": 1.0,
            "count": 1
        }
    },
    "metadata": {
        "timer_format_version": "0.1.0",
        "start_time_seconds": "1684588720",
        "python_version": "3.9.13 (tags/v3.9.13:6de2ca5, May 17 2022, 16:36:42) [MSC v.1929 64 bit (AMD64)]",
        "command_line_arguments": "C:\\GameDev\\Unity\\ML Agents\\venv\\Scripts\\mlagents-learn --run-id=Test2",
        "mlagents_version": "0.30.0",
        "mlagents_envs_version": "0.30.0",
        "communication_protocol_version": "1.5.0",
        "pytorch_version": "2.0.1+cpu",
        "numpy_version": "1.21.2",
        "end_time_seconds": "1684588858"
    },
    "total": 138.2565015,
    "count": 1,
    "self": 10.008595600000035,
    "children": {
        "run_training.setup": {
            "total": 0.028336499999999987,
            "count": 1,
            "self": 0.028336499999999987
        },
        "TrainerController.start_learning": {
            "total": 128.21956939999998,
            "count": 1,
            "self": 0.1517136000000221,
            "children": {
                "TrainerController._reset_env": {
                    "total": 7.2224573,
                    "count": 1,
                    "self": 7.2224573
                },
                "TrainerController.advance": {
                    "total": 120.69962009999993,
                    "count": 11804,
                    "self": 0.14201160000077095,
                    "children": {
                        "env_step": {
                            "total": 101.96951579999909,
                            "count": 11804,
                            "self": 96.61903039999926,
                            "children": {
                                "SubprocessEnvManager._take_step": {
                                    "total": 5.251459499999811,
                                    "count": 11806,
                                    "self": 0.44458439999989174,
                                    "children": {
                                        "TorchPolicy.evaluate": {
                                            "total": 4.806875099999919,
                                            "count": 10655,
                                            "self": 4.806875099999919
                                        }
                                    }
                                },
                                "workers": {
                                    "total": 0.09902590000001332,
                                    "count": 11803,
                                    "self": 0.0,
                                    "children": {
                                        "worker_root": {
                                            "total": 62.68049349999957,
                                            "count": 11803,
                                            "is_parallel": true,
                                            "self": 32.55045139999939,
                                            "children": {
                                                "steps_from_proto": {
                                                    "total": 0.000929800000001535,
                                                    "count": 3,
                                                    "is_parallel": true,
                                                    "self": 0.00027280000000029503,