{
    "name": "root",
    "gauges": {
        "MoveToTarget.Policy.Entropy.mean": {
            "value": 1.3698538541793823,
            "min": 1.3698538541793823,
            "max": 1.4192665815353394,
            "count": 10
        },
        "MoveToTarget.Policy.Entropy.sum": {
            "value": 68498.171875,
            "min": 68498.171875,
            "max": 71313.890625,
            "count": 10
        },
        "MoveToTarget.Environment.EpisodeLength.mean": {
            "value": 7.897153024911032,
            "min": 7.897153024911032,
            "max": 96.87254901960785,
            "count": 10
        },
        "MoveToTarget.Environment.EpisodeLength.sum": {
            "value": 44382.0,
            "min": 44382.0,
            "max": 49405.0,
            "count": 10
        },
        "MoveToTarget.Step.mean": {
            "value": 499996.0,
            "min": 49979.0,
            "max": 499996.0,
            "count": 10
        },
        "MoveToTarget.Step.sum": {
            "value": 499996.0,
            "min": 49979.0,
            "max": 499996.0,
            "count": 10
        },
        "MoveToTarget.Policy.ExtrinsicValueEstimate.mean": {
            "value": 9.607105255126953,
            "min": 1.2707525491714478,
            "max": 9.607105255126953,
            "count": 10
        },
        "MoveToTarget.Policy.ExtrinsicValueEstimate.sum": {
            "value": 53991.9296875,
            "min": 1310.1458740234375,
            "max": 53991.9296875,
            "count": 10
        },
        "MoveToTarget.Environment.CumulativeReward.mean": {
            "value": 10.0,
            "min": 7.105882352941176,
            "max": 10.0,
            "count": 10
        },
        "MoveToTarget.Environment.CumulativeReward.sum": {
            "value": 56200.0,
            "min": 3624.0,
            "max": 56200.0,
            "count": 10
        },
        "MoveToTarget.Policy.ExtrinsicReward.mean": {
            "value": 10.0,
            "min": 7.105882352941176,
            "max": 10.0,
            "count": 10
        },
        "MoveToTarget.Policy.ExtrinsicReward.sum": {
            "value": 56200.0,
            "min": 3624.0,
            "max": 56200.0,
            "count": 10
        },
        "MoveToTarget.Losses.PolicyLoss.mean": {
            "value": 0.022667426546104257,
            "min": 0.022336263599572703,
            "max": 0.02608667609592279,
            "count": 10
        },
        "MoveToTarget.Losses.PolicyLoss.sum": {
            "value": 0.11333713273052128,
            "min": 0.08934505439829081,
            "max": 0.13043338047961395,
            "count": 10
        },
        "MoveToTarget.Losses.ValueLoss.mean": {
            "value": 0.02401542942970991,
            "min": 0.02401542942970991,
            "max": 2.1645640529692174,
            "count": 10
        },
        "MoveToTarget.Losses.ValueLoss.sum": {
            "value": 0.12007714714854956,
            "min": 0.1053116196145614,
            "max": 8.962664910157521,
            "count": 10
        },
        "MoveToTarget.Policy.LearningRate.mean": {
            "value": 1.7068654310479997e-05,
            "min": 1.7068654310479997e-05,
            "max": 0.00028460715513095,
            "count": 10
        },
        "MoveToTarget.Policy.LearningRate.sum": {
            "value": 8.534327155239999e-05,
            "min": 8.534327155239999e-05,
            "max": 0.0012843846718718,
            "count": 10
        },
        "MoveToTarget.Policy.Epsilon.mean": {
            "value": 0.10568952000000002,
            "min": 0.10568952000000002,
            "max": 0.19486905,
            "count": 10
        },
        "MoveToTarget.Policy.Epsilon.sum": {
            "value": 0.5284476000000001,
            "min": 0.45964439999999995,
            "max": 0.9281282,
            "count": 10
        },
        "MoveToTarget.Policy.Beta.mean": {
            "value": 0.0002939070479999999,
            "min": 0.0002939070479999999,
            "max": 0.004743965595,
            "count": 10
        },
        "MoveToTarget.Policy.Beta.sum": {
            "value": 0.0014695352399999996,
            "min": 0.0014695352399999996,
            "max": 0.02141359718,
            "count": 10
        },
        "MoveToTarget.IsTraining.mean": {
            "value": 1.0,
            "min": 1.0,
            "max": 1.0,
            "count": 10
        },
        "MoveToTarget.IsTraining.sum": {
            "value": 1.0,
            "min": 1.0,
            "max": 1.0,
            "count": 10
        }
    },
    "metadata": {
        "timer_format_version": "0.1.0",
        "start_time_seconds": "1684589135",
        "python_version": "3.9.13 (tags/v3.9.13:6de2ca5, May 17 2022, 16:36:42) [MSC v.1929 64 bit (AMD64)]",
        "command_line_arguments": "C:\\GameDev\\Unity\\ML Agents\\venv\\Scripts\\mlagents-learn --run-id=Test3",
        "mlagents_version": "0.30.0",
        "mlagents_envs_version": "0.30.0",
        "communication_protocol_version": "1.5.0",
        "pytorch_version": "2.0.1+cpu",
        "numpy_version": "1.21.2",
        "end_time_seconds": "1684589558"
    },
    "total": 423.08164400000004,
    "count": 1,
    "self": 0.006904500000018743,
    "children": {
        "run_training.setup": {
            "total": 0.028115700000000077,
            "count": 1,
            "self": 0.028115700000000077
        },
        "TrainerController.start_learning": {
            "total": 423.0466238,
            "count": 1,
            "self": 1.144588300008536,
            "children": {
                "TrainerController._reset_env": {
                    "total": 7.098009800000001,
                    "count": 1,
                    "self": 7.098009800000001
                },
                "TrainerController.advance": {
                    "total": 414.7654725999914,
                    "count": 84891,
                    "self": 0.9707769999821494,
                    "children": {
                        "env_step": {
                            "total": 294.4906858000067,
                            "count": 84891,
                            "self": 265.4881809000099,
                            "children": {
                                "SubprocessEnvManager._take_step": {
                                    "total": 28.281169799991602,
                                    "count": 84891,
                                    "self": 2.4847475999887223,
                                    "children": {
                                        "TorchPolicy.evaluate": {
                                            "total": 25.79642220000288,
                                            "count": 55560,
                                            "self": 25.79642220000288
                                        }
                                    }
                                },
                                "workers": {
                                    "total": 0.7213351000051844,
                                    "count": 84891,
                                    "self": 0.0,
                                    "children": {
                                        "worker_root": {
                                            "total": 414.45345809999253,
                                            "count": 84891,
                                            "is_parallel": true,
                                            "self": 205.06747560000173,
                                            "children": {
                                                "steps_from_proto": {
                                                    "total": 0.00027050000000006236,
                                                    "count": 1,
                                                    "is_parallel": true,
                                                    "self": 0.00010010000000004737,